{
  "timestamp": "20260320_154749",
  "total_samples": 250,
  "samples_per_category": 37,
  "categories": [
    "ROUTING",
    "SECURITY",
    "QOS",
    "CONNECTIVITY",
    "MONITORING"
  ],
  "models_evaluated": [
    "Qwen2-7B-Instruct",
    "Llama-3.1-8B",
    "Gemma-7B-Instruct",
    "Yi-6B-Chat",
    "Mistral-7B-Instruct"
  ],
  "results": [
    {
      "model_name": "Qwen2-7B-Instruct",
      "params": "7B",
      "accuracy": 0.648,
      "precision": 0.683471621654157,
      "recall": 0.648,
      "f1_score": 0.6323861014988817,
      "macro_precision": 0.6672715749335468,
      "macro_recall": 0.6512963612963614,
      "macro_f1": 0.6241400131473291,
      "balanced_accuracy": 0.6512963612963614,
      "worst_class_recall": 0.38181818181818183,
      "robust_score": 0.5838225513262094,
      "unknown_count": 0,
      "unknown_rate": 0.0,
      "elapsed_time": 32.95107388496399,
      "samples_evaluated": 250,
      "avg_time_per_sample": 0.13180429553985595,
      "classification_report": "              precision    recall  f1-score   support\n\n     ROUTING       0.68      0.40      0.51        42\n    SECURITY       0.56      0.91      0.70        44\n         QOS       0.56      0.81      0.66        37\nCONNECTIVITY       0.73      0.75      0.74        72\n  MONITORING       0.81      0.38      0.52        55\n\n    accuracy                           0.65       250\n   macro avg       0.67      0.65      0.62       250\nweighted avg       0.68      0.65      0.63       250\n",
      "confusion_matrix": [
        [
          17,
          10,
          2,
          12,
          1
        ],
        [
          1,
          40,
          2,
          0,
          1
        ],
        [
          1,
          3,
          30,
          1,
          2
        ],
        [
          5,
          9,
          3,
          54,
          1
        ],
        [
          1,
          9,
          17,
          7,
          21
        ]
      ],
      "confusion_matrix_normalized": [
        [
          0.40476190476190477,
          0.23809523809523808,
          0.047619047619047616,
          0.2857142857142857,
          0.023809523809523808
        ],
        [
          0.022727272727272728,
          0.9090909090909091,
          0.045454545454545456,
          0.0,
          0.022727272727272728
        ],
        [
          0.02702702702702703,
          0.08108108108108109,
          0.8108108108108109,
          0.02702702702702703,
          0.05405405405405406
        ],
        [
          0.06944444444444445,
          0.125,
          0.041666666666666664,
          0.75,
          0.013888888888888888
        ],
        [
          0.01818181818181818,
          0.16363636363636364,
          0.3090909090909091,
          0.12727272727272726,
          0.38181818181818183
        ]
      ],
      "per_class_precision": [
        0.68,
        0.5633802816901409,
        0.5555555555555556,
        0.7297297297297297,
        0.8076923076923077
      ],
      "per_class_recall": [
        0.40476190476190477,
        0.9090909090909091,
        0.8108108108108109,
        0.75,
        0.38181818181818183
      ],
      "per_class_f1": [
        0.5074626865671642,
        0.6956521739130435,
        0.6593406593406594,
        0.7397260273972601,
        0.5185185185185185
      ]
    },
    {
      "model_name": "Llama-3.1-8B",
      "params": "8B",
      "accuracy": 0.644,
      "precision": 0.7159662874122017,
      "recall": 0.644,
      "f1_score": 0.631527917187691,
      "macro_precision": 0.6997580504369912,
      "macro_recall": 0.6452718302718303,
      "macro_f1": 0.6243403395712983,
      "balanced_accuracy": 0.6452718302718303,
      "worst_class_recall": 0.2909090909090909,
      "robust_score": 0.5639335370490165,
      "unknown_count": 0,
      "unknown_rate": 0.0,
      "elapsed_time": 80.07893180847168,
      "samples_evaluated": 250,
      "avg_time_per_sample": 0.32031572723388674,
      "classification_report": "              precision    recall  f1-score   support\n\n     ROUTING       0.48      0.71      0.57        42\n    SECURITY       0.90      0.59      0.71        44\n         QOS       0.53      0.81      0.64        37\nCONNECTIVITY       0.71      0.82      0.76        72\n  MONITORING       0.89      0.29      0.44        55\n\n    accuracy                           0.64       250\n   macro avg       0.70      0.65      0.62       250\nweighted avg       0.72      0.64      0.63       250\n",
      "confusion_matrix": [
        [
          30,
          2,
          2,
          8,
          0
        ],
        [
          9,
          26,
          6,
          2,
          1
        ],
        [
          4,
          0,
          30,
          2,
          1
        ],
        [
          12,
          0,
          1,
          59,
          0
        ],
        [
          8,
          1,
          18,
          12,
          16
        ]
      ],
      "confusion_matrix_normalized": [
        [
          0.7142857142857143,
          0.047619047619047616,
          0.047619047619047616,
          0.19047619047619047,
          0.0
        ],
        [
          0.20454545454545456,
          0.5909090909090909,
          0.13636363636363635,
          0.045454545454545456,
          0.022727272727272728
        ],
        [
          0.10810810810810811,
          0.0,
          0.8108108108108109,
          0.05405405405405406,
          0.02702702702702703
        ],
        [
          0.16666666666666666,
          0.0,
          0.013888888888888888,
          0.8194444444444444,
          0.0
        ],
        [
          0.14545454545454545,
          0.01818181818181818,
          0.32727272727272727,
          0.21818181818181817,
          0.2909090909090909
        ]
      ],
      "per_class_precision": [
        0.47619047619047616,
        0.896551724137931,
        0.5263157894736842,
        0.7108433734939759,
        0.8888888888888888
      ],
      "per_class_recall": [
        0.7142857142857143,
        0.5909090909090909,
        0.8108108108108109,
        0.8194444444444444,
        0.2909090909090909
      ],
      "per_class_f1": [
        0.5714285714285714,
        0.7123287671232877,
        0.6382978723404256,
        0.7612903225806451,
        0.4383561643835616
      ]
    },
    {
      "model_name": "Gemma-7B-Instruct",
      "params": "7B",
      "accuracy": 0.58,
      "precision": 0.6362944836676458,
      "recall": 0.58,
      "f1_score": 0.5556190080475778,
      "macro_precision": 0.6460569998975044,
      "macro_recall": 0.5692796692796693,
      "macro_f1": 0.5612816371652365,
      "balanced_accuracy": 0.6176651648382869,
      "worst_class_recall": 0.10204081632653061,
      "robust_score": 0.4995399372874643,
      "unknown_count": 19,
      "unknown_rate": 0.076,
      "elapsed_time": 473.5792627334595,
      "samples_evaluated": 250,
      "avg_time_per_sample": 1.8943170509338378,
      "classification_report": "              precision    recall  f1-score   support\n\n     ROUTING       0.60      0.60      0.60        42\n    SECURITY       0.72      0.70      0.71        44\n         QOS       0.71      0.59      0.65        37\nCONNECTIVITY       0.58      0.86      0.69        72\n  MONITORING       0.62      0.09      0.16        55\n\n   micro avg       0.63      0.58      0.60       250\n   macro avg       0.65      0.57      0.56       250\nweighted avg       0.64      0.58      0.56       250\n",