{
  "timestamp": "20260314_203457",
  "total_samples": 800,
  "samples_per_category": 100,
  "categories": [
    "DIAG",
    "QoS",
    "RP",
    "TN",
    "INF",
    "MNG",
    "PKI",
    "ACL"
  ],
  "models_evaluated": [
    "Qwen2-7B-Instruct",
    "Llama-3.1-8B-Instruct",
    "Gemma-7B-Instruct",
    "Yi-6B-Chat",
    "Mistral-7B-Instruct"
  ],
  "results": [
    {
      "model_name": "Qwen2-7B-Instruct",
      "params": "7B",
      "accuracy": 0.3725,
      "precision": 0.46751931816266146,
      "recall": 0.3725,
      "f1_score": 0.3542002660074406,
      "elapsed_time": 112.17212295532227,
      "samples_evaluated": 800,
      "avg_time_per_sample": 0.14021515369415283,
      "classification_report": "              precision    recall  f1-score   support\n\n        DIAG       0.36      0.04      0.07       100\n         QoS       0.30      0.74      0.43       100\n          RP       0.42      0.19      0.26       100\n          TN       0.65      0.26      0.37       100\n         INF       0.40      0.63      0.49       100\n         MNG       0.16      0.30      0.21       100\n         PKI       0.72      0.58      0.64       100\n         ACL       0.73      0.24      0.36       100\n\n   micro avg       0.37      0.37      0.37       800\n   macro avg       0.47      0.37      0.35       800\nweighted avg       0.47      0.37      0.35       800\n",
      "confusion_matrix": [
        [
          4,
          35,
          8,
          3,
          18,
          26,
          4,
          1
        ],
        [
          0,
          74,
          4,
          0,
          6,
          13,
          0,
          3
        ],
        [
          1,
          33,
          19,
          4,
          17,
          20,
          5,
          1
        ],
        [
          0,
          27,
          6,
          26,
          14,
          14,
          10,
          2
        ],
        [
          2,
          3,
          4,
          6,
          63,
          21,
          1,
          0
        ],
        [
          4,
          43,
          0,
          1,
          20,
          30,
          1,
          1
        ],
        [
          0,
          2,
          2,
          0,
          4,
          33,
          58,
          1
        ],
        [
          0,
          29,
          2,
          0,
          17,
          26,
          2,
          24
        ]
      ]
    },
    {
      "model_name": "Llama-3.1-8B-Instruct",
      "params": "8B",
      "accuracy": 0.45,
      "precision": 0.4965952751096864,
      "recall": 0.45,
      "f1_score": 0.40843333255647424,
      "elapsed_time": 398.37755393981934,
      "samples_evaluated": 800,
      "avg_time_per_sample": 0.49797194242477416,
      "classification_report": "              precision    recall  f1-score   support\n\n        DIAG       0.17      0.03      0.05       100\n         QoS       0.69      0.61      0.65       100\n          RP       0.38      0.13      0.19       100\n          TN       0.32      0.58      0.41       100\n         INF       0.31      0.70      0.43       100\n         MNG       0.50      0.51      0.51       100\n         PKI       0.66      0.88      0.75       100\n         ACL       0.94      0.16      0.27       100\n\n    accuracy                           0.45       800\n   macro avg       0.50      0.45      0.41       800\nweighted avg       0.50      0.45      0.41       800\n",
      "confusion_matrix": [
        [
          3,
          9,
          8,
          26,
          27,
          16,
          11,
          0
        ],
        [
          0,
          61,
          6,
          12,
          18,
          2,
          0,
          1
        ],
        [
          1,
          4,
          13,
          32,
          24,
          14,
          12,
          0
        ],
        [
          0,
          8,
          1,
          58,
          14,
          5,
          14,
          0
        ],
        [
          1,
          0,
          2,
          22,
          70,
          4,
          1,
          0
        ],
        [
          12,
          1,
          0,
          4,
          30,
          51,
          2,
          0
        ],
        [
          0,
          0,
          0,
          8,
          0,
          4,
          88,
          0
        ],
        [
          1,
          5,
          4,
          22,
          41,
          5,
          6,
          16
        ]
      ]
    },
    {
      "model_name": "Gemma-7B-Instruct",
      "params": "7B",
      "accuracy": 0.33125,
      "precision": 0.5124822479370786,
      "recall": 0.33125,
      "f1_score": 0.31842725034353786,
      "elapsed_time": 2937.576723575592,
      "samples_evaluated": 800,
      "avg_time_per_sample": 3.67197090446949,
      "classification_report": "              precision    recall  f1-score   support\n\n        DIAG       0.22      0.04      0.07       100\n         QoS       0.73      0.36      0.48       100\n          RP       0.32      0.31      0.31       100\n          TN       0.85      0.33      0.47       100\n         INF       0.21      0.87      0.34       100\n         MNG       0.21      0.07      0.10       100\n         PKI       0.71      0.61      0.66       100\n         ACL       0.86      0.06      0.11       100\n\n   micro avg       0.35      0.33      0.34       800\n   macro avg       0.51      0.33      0.32       800\nweighted avg       0.51      0.33      0.32       800\n",
      "confusion_matrix": [
        [
          4,
          5,
          14,
          2,
          54,
          7,
          6,
          0
        ],
        [
          1,
          36,
          13,
          0,
          37,
          10,
          0,
          1
        ],
        [
          3,
          0,
          31,
          2,
          48,
          2,
          7,
          0
        ],
        [
          1,
          5,
          11,
          33,
          40,
          2,
          5,
          0
        ],
        [
          0,
          0,
          9,
          1,
          87,
          1,
          1,
          0
        ],
        [
          5,
          2,
          5,
          1,
          76,
          7,
          1,
          0
        ],
        [
          1,
          0,
          6,
          0,
          13,
          0,
          61,
          0
        ],
        [
          3,
          1,
          9,
          0,
          63,
          5,
          5,
          6
        ]
      ]
    },
    {
      "model_name": "Yi-6B-Chat",
      "params": "6B",
      "accuracy": 0.295,
      "precision": 0.471848296279861,
      "recall": 0.295,
      "f1_score": 0.2466595961664696,
      "elapsed_time": 233.57745242118835,
      "samples_evaluated": 800,
      "avg_time_per_sample": 0.29197181552648543,
      "classification_report": "              precision    recall  f1-score   support\n\n        DIAG       0.00      0.00      0.00       100\n         QoS       0.20      0.90      0.32       100\n          RP       0.75      0.03      0.06       100\n          TN       0.21      0.23      0.22       100\n         INF       0.86      0.18      0.30       100\n         MNG       0.22      0.17      0.19       100\n         PKI       0.62      0.73      0.67       100\n         ACL       0.92      0.12      0.21       100\n\n   micro avg       0.30      0.29      0.30       800\n   macro avg       0.47      0.30      0.25       800\nweighted avg       0.47      0.29      0.25       800\n",