{
  "timestamp": "20260320_135819",
  "total_samples": 251,
  "samples_per_category": 35,
  "categories": [
    "ROUTING",
    "SECURITY",
    "QOS",
    "CONNECTIVITY",
    "MONITORING"
  ],
  "models_evaluated": [
    "Qwen2-7B-Instruct",
    "Llama-3.1-8B",
    "Gemma-7B-Instruct",
    "Yi-6B-Chat",
    "Mistral-7B-Instruct"
  ],
  "results": [
    {
      "model_name": "Qwen2-7B-Instruct",
      "params": "7B",
      "accuracy": 0.6414342629482072,
      "precision": 0.7228772569370959,
      "recall": 0.6414342629482072,
      "f1_score": 0.6280437945383462,
      "macro_precision": 0.6997817845857062,
      "macro_recall": 0.6536984667188864,
      "macro_f1": 0.6218710744222259,
      "balanced_accuracy": 0.6536984667188864,
      "worst_class_recall": 0.38333333333333336,
      "robust_score": 0.5837117438934455,
      "unknown_count": 0,
      "unknown_rate": 0.0,
      "elapsed_time": 31.858798027038574,
      "samples_evaluated": 251,
      "avg_time_per_sample": 0.12692748217943656,
      "classification_report": "              precision    recall  f1-score   support\n\n     ROUTING       0.76      0.39      0.52        41\n    SECURITY       0.49      0.93      0.65        43\n         QOS       0.57      0.83      0.67        35\nCONNECTIVITY       0.72      0.74      0.73        72\n  MONITORING       0.96      0.38      0.55        60\n\n    accuracy                           0.64       251\n   macro avg       0.70      0.65      0.62       251\nweighted avg       0.72      0.64      0.63       251\n",
      "confusion_matrix": [
        [
          16,
          10,
          2,
          12,
          1
        ],
        [
          1,
          40,
          2,
          0,
          0
        ],
        [
          1,
          4,
          29,
          1,
          0
        ],
        [
          3,
          13,
          3,
          53,
          0
        ],
        [
          0,
          14,
          15,
          8,
          23
        ]
      ],
      "confusion_matrix_normalized": [
        [
          0.3902439024390244,
          0.24390243902439024,
          0.04878048780487805,
          0.2926829268292683,
          0.024390243902439025
        ],
        [
          0.023255813953488372,
          0.9302325581395349,
          0.046511627906976744,
          0.0,
          0.0
        ],
        [
          0.02857142857142857,
          0.11428571428571428,
          0.8285714285714286,
          0.02857142857142857,
          0.0
        ],
        [
          0.041666666666666664,
          0.18055555555555555,
          0.041666666666666664,
          0.7361111111111112,
          0.0
        ],
        [
          0.0,
          0.23333333333333334,
          0.25,
          0.13333333333333333,
          0.38333333333333336
        ]
      ],
      "per_class_precision": [
        0.7619047619047619,
        0.49382716049382713,
        0.5686274509803921,
        0.7162162162162162,
        0.9583333333333334
      ],
      "per_class_recall": [
        0.3902439024390244,
        0.9302325581395349,
        0.8285714285714286,
        0.7361111111111112,
        0.38333333333333336
      ],
      "per_class_f1": [
        0.5161290322580646,
        0.6451612903225806,
        0.6744186046511628,
        0.7260273972602739,
        0.5476190476190476
      ]
    },
    {
      "model_name": "Llama-3.1-8B",
      "params": "8B",
      "accuracy": 0.6215139442231076,
      "precision": 0.73360621870171,
      "recall": 0.6215139442231076,
      "f1_score": 0.6134669721656496,
      "macro_precision": 0.7030862196020633,
      "macro_recall": 0.6404888852875239,
      "macro_f1": 0.6108303371691804,
      "balanced_accuracy": 0.6433681765389082,
      "worst_class_recall": 0.2833333333333333,
      "robust_score": 0.5560816337228228,
      "unknown_count": 1,
      "unknown_rate": 0.00398406374501992,
      "elapsed_time": 76.01634931564331,
      "samples_evaluated": 251,
      "avg_time_per_sample": 0.30285398133722435,
      "classification_report": "              precision    recall  f1-score   support\n\n     ROUTING       0.42      0.71      0.53        41\n    SECURITY       0.87      0.60      0.71        43\n         QOS       0.51      0.86      0.64        35\nCONNECTIVITY       0.72      0.75      0.73        72\n  MONITORING       1.00      0.28      0.44        60\n\n   micro avg       0.62      0.62      0.62       251\n   macro avg       0.70      0.64      0.61       251\nweighted avg       0.73      0.62      0.61       251\n",
      "confusion_matrix": [
        [
          29,
          2,
          2,
          8,
          0
        ],
        [
          11,
          26,
          4,
          1,
          0
        ],
        [
          4,
          0,
          30,
          1,
          0
        ],
        [
          15,
          0,
          3,
          54,
          0
        ],
        [
          10,
          2,
          20,
          11,
          17
        ]
      ],
      "confusion_matrix_normalized": [
        [
          0.7073170731707317,
          0.04878048780487805,
          0.04878048780487805,
          0.1951219512195122,
          0.0
        ],
        [
          0.2619047619047619,
          0.6190476190476191,
          0.09523809523809523,
          0.023809523809523808,
          0.0
        ],
        [
          0.11428571428571428,
          0.0,
          0.8571428571428571,
          0.02857142857142857,
          0.0
        ],
        [
          0.20833333333333334,
          0.0,
          0.041666666666666664,
          0.75,
          0.0
        ],
        [
          0.16666666666666666,
          0.03333333333333333,
          0.3333333333333333,
          0.18333333333333332,
          0.2833333333333333
        ]
      ],
      "per_class_precision": [
        0.42028985507246375,
        0.8666666666666667,
        0.5084745762711864,
        0.72,
        1.0
      ],
      "per_class_recall": [
        0.7073170731707317,
        0.6190476190476191,
        0.8571428571428571,
        0.75,
        0.2833333333333333
      ],
      "per_class_f1": [
        0.5272727272727273,
        0.7222222222222222,
        0.6382978723404255,
        0.7346938775510204,
        0.4415584415584416
      ]
    },
    {
      "model_name": "Gemma-7B-Instruct",
      "params": "7B",
      "accuracy": 0.6095617529880478,
      "precision": 0.7031815436475225,
      "recall": 0.6095617529880478,
      "f1_score": 0.5583649895288902,
      "macro_precision": 0.695610012069056,
      "macro_recall": 0.6090392458741863,
      "macro_f1": 0.5706381811799538,
      "balanced_accuracy": 0.6169488283118125,
      "worst_class_recall": 0.11666666666666667,
      "robust_score": 0.4954395700323444,
      "unknown_count": 2,
      "unknown_rate": 0.00796812749003984,
      "elapsed_time": 834.8888893127441,
      "samples_evaluated": 251,
      "avg_time_per_sample": 3.326250555030853,
      "classification_report": "              precision    recall  f1-score   support\n\n     ROUTING       0.60      0.51      0.55        41\n    SECURITY       0.59      0.81      0.69        43\n         QOS       0.71      0.69      0.70        35\nCONNECTIVITY       0.58      0.92      0.71        72\n  MONITORING       1.00      0.12      0.21        60\n\n   micro avg       0.61      0.61      0.61       251\n   macro avg       0.70      0.61      0.57       251\nweighted avg       0.70      0.61      0.56       251\n",