{
  "timestamp": "20260320_122658",
  "total_samples": 293,
  "samples_per_category": 35,
  "categories": [
    "ROUTING",
    "SECURITY",
    "QOS",
    "CONNECTIVITY",
    "MONITORING",
    "GENERAL"
  ],
  "models_evaluated": [
    "Qwen2-7B-Instruct",
    "Llama-3.1-8B-Instruct",
    "Gemma-7B-Instruct",
    "Yi-6B-Chat",
    "Mistral-7B-Instruct"
  ],
  "results": [
    {
      "model_name": "Qwen2-7B-Instruct",
      "params": "7B",
      "accuracy": 0.6109215017064846,
      "precision": 0.6838024674415459,
      "recall": 0.6109215017064846,
      "f1_score": 0.5712376218007286,
      "macro_precision": 0.6966807498057498,
      "macro_recall": 0.5774468273475647,
      "macro_f1": 0.5525454659864134,
      "balanced_accuracy": 0.5795334209834542,
      "worst_class_recall": 0.09523809523809523,
      "robust_score": 0.4695041797646358,
      "unknown_count": 1,
      "unknown_rate": 0.0034129692832764505,
      "elapsed_time": 35.30722451210022,
      "samples_evaluated": 293,
      "avg_time_per_sample": 0.12050247273754341,
      "classification_report": "              precision    recall  f1-score   support\n\n     ROUTING       0.73      0.39      0.51        41\n    SECURITY       0.54      0.91      0.68        43\n         QOS       0.66      0.60      0.63        35\nCONNECTIVITY       0.58      0.89      0.70        72\n  MONITORING       0.67      0.58      0.62        60\n     GENERAL       1.00      0.10      0.17        42\n\n   micro avg       0.61      0.61      0.61       293\n   macro avg       0.70      0.58      0.55       293\nweighted avg       0.68      0.61      0.57       293\n",
      "confusion_matrix": [
        [
          16,
          9,
          0,
          14,
          2,
          0
        ],
        [
          1,
          39,
          1,
          2,
          0,
          0
        ],
        [
          1,
          3,
          21,
          4,
          6,
          0
        ],
        [
          2,
          4,
          0,
          64,
          1,
          0
        ],
        [
          0,
          6,
          10,
          9,
          35,
          0
        ],
        [
          2,
          11,
          0,
          17,
          8,
          4
        ]
      ],
      "confusion_matrix_normalized": [
        [
          0.3902439024390244,
          0.21951219512195122,
          0.0,
          0.34146341463414637,
          0.04878048780487805,
          0.0
        ],
        [
          0.023255813953488372,
          0.9069767441860465,
          0.023255813953488372,
          0.046511627906976744,
          0.0,
          0.0
        ],
        [
          0.02857142857142857,
          0.08571428571428572,
          0.6,
          0.11428571428571428,
          0.17142857142857143,
          0.0
        ],
        [
          0.028169014084507043,
          0.056338028169014086,
          0.0,
          0.9014084507042254,
          0.014084507042253521,
          0.0
        ],
        [
          0.0,
          0.1,
          0.16666666666666666,
          0.15,
          0.5833333333333334,
          0.0
        ],
        [
          0.047619047619047616,
          0.2619047619047619,
          0.0,
          0.40476190476190477,
          0.19047619047619047,
          0.09523809523809523
        ]
      ],
      "per_class_precision": [
        0.7272727272727273,
        0.5416666666666666,
        0.65625,
        0.5818181818181818,
        0.6730769230769231,
        1.0
      ],
      "per_class_recall": [
        0.3902439024390244,
        0.9069767441860465,
        0.6,
        0.9014084507042254,
        0.5833333333333334,
        0.09523809523809523
      ],
      "per_class_f1": [
        0.5079365079365079,
        0.6782608695652174,
        0.626865671641791,
        0.7071823204419889,
        0.6250000000000001,
        0.17391304347826084
      ]
    },
    {
      "model_name": "Llama-3.1-8B-Instruct",
      "params": "8B",
      "accuracy": 0.5597269624573379,
      "precision": 0.7316924827163735,
      "recall": 0.5597269624573379,
      "f1_score": 0.5260596619092092,
      "macro_precision": 0.7264957264957266,
      "macro_recall": 0.5436201820489966,
      "macro_f1": 0.5108919717023462,
      "balanced_accuracy": 0.5484131373445139,
      "worst_class_recall": 0.10810810810810811,
      "robust_score": 0.44467073105956123,
      "unknown_count": 7,
      "unknown_rate": 0.023890784982935155,
      "elapsed_time": 197.15384459495544,
      "samples_evaluated": 293,
      "avg_time_per_sample": 0.6728800156824418,
      "classification_report": "              precision    recall  f1-score   support\n\n     ROUTING       0.43      0.63      0.51        41\n    SECURITY       0.95      0.44      0.60        43\n         QOS       0.46      0.86      0.60        35\nCONNECTIVITY       0.56      0.92      0.70        72\n  MONITORING       0.95      0.32      0.47        60\n     GENERAL       1.00      0.10      0.17        42\n\n   micro avg       0.57      0.56      0.57       293\n   macro avg       0.73      0.54      0.51       293\nweighted avg       0.73      0.56      0.53       293\n",
      "confusion_matrix": [
        [
          26,
          0,
          3,
          11,
          1,
          0
        ],
        [
          15,
          19,
          5,
          3,
          0,
          0
        ],
        [
          4,
          0,
          30,
          1,
          0,
          0
        ],
        [
          5,
          0,
          1,
          66,
          0,
          0
        ],
        [
          5,
          1,
          21,
          13,
          19,
          0
        ],
        [
          5,
          0,
          5,
          23,
          0,
          4
        ]
      ],
      "confusion_matrix_normalized": [
        [
          0.6341463414634146,
          0.0,
          0.07317073170731707,
          0.2682926829268293,
          0.024390243902439025,
          0.0
        ],
        [
          0.35714285714285715,
          0.4523809523809524,
          0.11904761904761904,
          0.07142857142857142,
          0.0,
          0.0
        ],
        [
          0.11428571428571428,
          0.0,
          0.8571428571428571,
          0.02857142857142857,
          0.0,
          0.0
        ],
        [
          0.06944444444444445,
          0.0,
          0.013888888888888888,
          0.9166666666666666,
          0.0,
          0.0
        ],
        [
          0.0847457627118644,
          0.01694915254237288,
          0.3559322033898305,
          0.22033898305084745,
          0.3220338983050847,
          0.0
        ],
        [
          0.13513513513513514,
          0.0,
          0.13513513513513514,
          0.6216216216216216,
          0.0,
          0.10810810810810811
        ]
      ],
      "per_class_precision": [
        0.43333333333333335,
        0.95,
        0.46153846153846156,
        0.5641025641025641,
        0.95,
        1.0
      ],
      "per_class_recall": [
        0.6341463414634146,
        0.4523809523809524,
        0.8571428571428571,
        0.9166666666666666,
        0.3220338983050847,
        0.10810810810810811
      ],
      "per_class_f1": [
        0.514851485148515,
        0.6129032258064516,
        0.6,
        0.6984126984126983,
        0.48101265822784806,
        0.1951219512195122
      ]
    },
    {
      "model_name": "Gemma-7B-Instruct",
      "params": "7B",
      "accuracy": 0.46075085324232085,
      "precision": 0.6733202330471956,
      "recall": 0.46075085324232085,
      "f1_score": 0.4590342858039251,
      "macro_precision": 0.6570583887657059,
      "macro_recall": 0.4545627792933522,
      "macro_f1": 0.4612923880224677,
      "balanced_accuracy": 0.5582174876852802,
      "worst_class_recall": 0.08888888888888889,
      "robust_score": 0.44585233240734545,
      "unknown_count": 59,