{
  "timestamp": "20260314_213410",
  "total_samples": 800,
  "samples_per_category": 100,
  "categories": [
    "DIAG",
    "QOS",
    "RP",
    "TN",
    "INF",
    "MNG",
    "PKI",
    "ACL"
  ],
  "models_evaluated": [
    "Qwen2-7B-Instruct",
    "Llama-3.1-8B-Instruct",
    "Gemma-7B-Instruct",
    "Yi-6B-Chat",
    "Mistral-7B-Instruct"
  ],
  "results": [
    {
      "model_name": "Qwen2-7B-Instruct",
      "params": "7B",
      "accuracy": 0.31375,
      "precision": 0.3966685595041826,
      "recall": 0.31375,
      "f1_score": 0.2968495664435338,
      "elapsed_time": 72.69151568412781,
      "samples_evaluated": 800,
      "avg_time_per_sample": 0.09086439460515976,
      "classification_report": "              precision    recall  f1-score   support\n\n        DIAG       0.23      0.11      0.15       100\n         QOS       0.30      0.58      0.39       100\n          RP       0.31      0.26      0.28       100\n          TN       0.75      0.03      0.06       100\n         INF       0.52      0.29      0.37       100\n         MNG       0.15      0.23      0.18       100\n         PKI       0.56      0.47      0.51       100\n         ACL       0.35      0.54      0.42       100\n\n   micro avg       0.32      0.31      0.32       800\n   macro avg       0.40      0.31      0.30       800\nweighted avg       0.40      0.31      0.30       800\n",
      "confusion_matrix": [
        [
          11,
          24,
          13,
          1,
          3,
          27,
          5,
          13
        ],
        [
          1,
          58,
          9,
          0,
          0,
          12,
          0,
          19
        ],
        [
          8,
          21,
          26,
          0,
          3,
          19,
          5,
          15
        ],
        [
          1,
          21,
          9,
          3,
          6,
          15,
          22,
          14
        ],
        [
          12,
          5,
          13,
          0,
          29,
          21,
          1,
          13
        ],
        [
          12,
          46,
          1,
          0,
          4,
          23,
          2,
          11
        ],
        [
          1,
          5,
          8,
          0,
          2,
          21,
          47,
          16
        ],
        [
          1,
          14,
          4,
          0,
          9,
          14,
          2,
          54
        ]
      ]
    },
    {
      "model_name": "Llama-3.1-8B-Instruct",
      "params": "8B",
      "accuracy": 0.2825,
      "precision": 0.42228029739053624,
      "recall": 0.2825,
      "f1_score": 0.27126222530754523,
      "elapsed_time": 276.51307225227356,
      "samples_evaluated": 800,
      "avg_time_per_sample": 0.34564134031534194,
      "classification_report": "              precision    recall  f1-score   support\n\n        DIAG       0.18      0.20      0.19       100\n         QOS       0.68      0.46      0.55       100\n          RP       0.35      0.17      0.23       100\n          TN       0.39      0.15      0.22       100\n         INF       0.00      0.00      0.00       100\n         MNG       0.17      0.72      0.27       100\n         PKI       0.62      0.45      0.52       100\n         ACL       1.00      0.11      0.20       100\n\n   micro avg       0.29      0.28      0.28       800\n   macro avg       0.42      0.28      0.27       800\nweighted avg       0.42      0.28      0.27       800\n",
      "confusion_matrix": [
        [
          20,
          3,
          6,
          1,
          1,
          61,
          6,
          0
        ],
        [
          13,
          46,
          8,
          0,
          0,
          33,
          0,
          0
        ],
        [
          12,
          2,
          17,
          5,
          0,
          56,
          5,
          0
        ],
        [
          5,
          4,
          4,
          15,
          2,
          55,
          11,
          0
        ],
        [
          19,
          2,
          10,
          5,
          0,
          61,
          1,
          0
        ],
        [
          23,
          2,
          0,
          1,
          1,
          72,
          1,
          0
        ],
        [
          7,
          4,
          0,
          1,
          1,
          42,
          45,
          0
        ],
        [
          14,
          5,
          4,
          10,
          0,
          52,
          4,
          11
        ]
      ]
    },
    {
      "model_name": "Gemma-7B-Instruct",
      "params": "7B",
      "accuracy": 0.28125,
      "precision": 0.4703997326230486,
      "recall": 0.28125,
      "f1_score": 0.28191773260412545,
      "elapsed_time": 867.8432655334473,
      "samples_evaluated": 800,
      "avg_time_per_sample": 1.084804081916809,
      "classification_report": "              precision    recall  f1-score   support\n\n        DIAG       1.00      0.02      0.04       100\n         QOS       0.61      0.48      0.54       100\n          RP       0.21      0.32      0.25       100\n          TN       0.14      0.11      0.12       100\n         INF       0.28      0.12      0.17       100\n         MNG       0.20      0.52      0.29       100\n         PKI       0.58      0.47      0.52       100\n         ACL       0.75      0.21      0.33       100\n\n   micro avg       0.31      0.28      0.30       800\n   macro avg       0.47      0.28      0.28       800\nweighted avg       0.47      0.28      0.28       800\n",
      "confusion_matrix": [
        [
          2,
          8,
          24,
          10,
          3,
          42,
          5,
          1
        ],
        [
          0,
          48,
          17,
          7,
          1,
          24,
          0,
          1
        ],
        [
          0,
          4,
          32,
          15,
          4,
          28,
          6,
          0
        ],
        [
          0,
          9,
          17,
          11,
          2,
          33,
          17,
          2
        ],
        [
          0,
          1,
          30,
          7,
          12,
          26,
          1,
          0
        ],
        [
          0,
          1,
          11,
          18,
          8,
          52,
          3,
          2
        ],
        [
          0,
          2,
          8,
          4,
          5,
          25,
          47,
          1
        ],
        [
          0,
          6,
          16,
          8,
          8,
          27,
          2,
          21
        ]
      ]
    },
    {
      "model_name": "Yi-6B-Chat",
      "params": "6B",
      "accuracy": 0.06375,
      "precision": 0.33198050115695016,
      "recall": 0.06375,
      "f1_score": 0.09775174627041927,
      "elapsed_time": 357.3597903251648,
      "samples_evaluated": 800,
      "avg_time_per_sample": 0.446699737906456,
      "classification_report": "              precision    recall  f1-score   support\n\n        DIAG       0.00      0.00      0.00       100\n         QOS       0.55      0.26      0.35       100\n          RP       0.31      0.09      0.14       100\n          TN       0.25      0.03      0.05       100\n         INF       0.10      0.01      0.02       100\n         MNG       0.00      0.00      0.00       100\n         PKI       0.69      0.09      0.16       100\n         ACL       0.75      0.03      0.06       100\n\n   micro avg       0.42      0.06      0.11       800\n   macro avg       0.33      0.06      0.10       800\nweighted avg       0.33      0.06      0.10       800\n",